Fno,CASno,Flag,Class,RTwax,RIwax,RIwaxl,RI5l,BP,mw,odor,OA,OW,WSrange,WLrange,OV,FW,FV,RRF
1,151053,ERO,Esters,32.885,1789,,1298,250,192,floral_fruity,,,,,,,,1.275356138
2,628637,QEROT,Esters,16.701,1178,1172,915,149,130,banana_fruit_sweet,0.05,0.005,0.00001,0.009,1.3,0.05,1.2,3.922894496
3,20777495,QESRO,Esters,,,1670,1344,233,196,camphor_medicine_mint,,,,,,,,1.007640873
4,109604,QESROT,Esters,10.245,981,965,714,102,102,celery_floral_glue_pear_redfruit,1,2,2,6.2,4.7,0.8,6.3,5.721730894
5,110190,QESROT,Esters,11.427,1018,1007,766,116,116,apple_banana_floral_herb_peardrops_solvent_sweet,0.038,0.025,0.025,0.44,0.922,0.5,1.5,5.222038943
6,624419,QESROT,Esters,15.011,1126,1120,879,138,130,apple_banana_pear,0.014,0.008,0.005,0.011,2,,1.2,3.946649995
7,109944,QESROT,Esters,6.177,824,830,504,54.7,74,ethereal_pungent,8.1,9,9,17,155,6.6,150,28.02990523
8,122430,QES,Esters,36.424,1980,1970,1433,134,192,,,,,,,,,1.076950232
9,102192,QES,Esters,37.088,2011,2016,1490,265.5,206,,,,,,,,,1.201757965
10,101973,QESROT,Esters,33.159,1801,1784,1246,229,164,floral_fruit_honey_rose_sweet,0.00835,0.156,,,0.41,0.55,,0.953279116
11,103457,QESROT,Esters,33.825,1835,1814,1259,232,164,floral_fruit_honey_rose_tobacco,0.0168,0.25,0.019,0.48,0.9,0.02,3.8,1.024455989
12,79209,QESROT,Esters,6.23,825,831,653,56.8,74,ester_green_sweet,5.1,5,,,2,,550,17.19460539
13,87252,QERO,Esters,40.619,2154,2280,1420,220.5,165,fruit_sweet,,,,,,,,0.820745874
14,123922,QESROT,Esters,15.05,1127,1118,877,142,130,apple_banana_fruit_glue_pear_sweet_yeast,0.018,0.002,0.00015,0.088,,,,3.022937955
15,2497189,QESR,Esters,21.58,1339,1333,1016,60,142,,,,,,,,,2.931219316
16,112061,QESROT,Esters,22.732,1380,1375,1116,192.4,158,floral_fresh,6.3,0.32,0.32,0.42,0.83,0.09,1.4,2.393938756
17,112141,QESROT,Esters,25.501,1482,1465,1209,211,172,burntplastic_citrus_fat_tar_wood,0.14,0.047,0.012,0.45,0.8,0.21,0.5,1.864407988
18,112174,QESROT,Esters,30.581,1688,1673,1407,244,200,oil_orange,2.6,0.6,0.225,1,,0.04,,1.39930763
19,13678687,PESRO,Sulfurcompounds,32.78,1784,1785,1180,211.5,156,roast,,,,,,,,1.619284792
20,110452,QESROT,Esters,13.318,1075,1042,791,123.5,116,apple,149,,,,,,5,5.668297229
21,134203,QEROT,Esters,40.248,2137,2254,1343,256,151,flower_fruit_grape_honey_peach,0.006,0.003,0.003,0.06,0.011,,,0.859888804
22,85916,QESROT,Esters,38.27,2057,2087,1405,256,165,floral_must_sweet,,0.349,,,,0.02,0.157,0.889192647
23,120514,QESROT,Esters,45.648,2339,2619,1760,323.5,212,balsamic_herb_oil,,0.341,,,,5.5,,0.790968212
24,33467731,QESR,Esters,,,1258,918,72,128,,,,,,,,,3.139544175
25,25152856,QESRO,Esters,38.846,2079,2108,1568,105,204,green_spice,,,,,,,,1.114030698
26,93890,QESROT,Esters,30.492,1684,1657,1171,212.6,150,camomile_celery_fat_flower_fruit,0.0006,0.053,0.053,0.06,1.43,300,0.575,0.864442609
27,105851,QESR,Esters,,,1615,1275,235,184,,,,,,,,,1.518135734
28,93287,QESRT,Esters,40.288,2139,2266,1523,,206,,,,,,100,,,1.197678596
29,141128,QESROT,Esters,31.688,1735,1717,1364,,196,floral_fruit_sweet,10,5,0.042,5,,,,1.428539695
30,105873,QESROT,Esters,32.353,1765,1744,1383,138,196,lavender_rose_sweet,12,0.15,0.009,0.15,,0.1,,1.66465102
31,89485,QESR,Esters,27.906,1577,1556,1294,227,198,,,,,,,,,0.942869602
32,3681718,QESROT,Esters,21.099,1322,1318,1006,105,142,banana_candy_floral_green,0.0225,0.013,0.008,0.056,0.2,0.0121,0.75,2.339131272
33,623176,QESR,Furans,27.04,1542,1535,990,176,140,,,,,,,,,1.884333999
34,1331835,SR,Esters,39.097,2088,2199,1426,270,180,,,,,,,,,1.015740737
35,93925,QESROT,Esters,31.206,1714,1806,1195,94.5,164,fruit_honey_rose,0.0002,0.16,,,,,,0.886864312
36,140114,QESROT,Esters,31.866,1744,1728,1163,206,150,boiledvegetable_fresh_fruit_honey_jasmine,0.001,0.364,0.002,0.364,0.3,,,0.956033775
37,115957,QESROT,Esters,27.566,1563,1558,1259,220,196,fruit_resinous_sweet,0.04,1,,,10,0.55,,1.15113357
38,80262,QESROT,Esters,31.173,1713,1684,1347,,196,herb_sweet_wax,,2.5,,,,1,,1.2745698
39,103548,QESROT,Esters,39.103,2089,2128,1453,264,176,floral_fruit_honey,,0.15,,,,,,0.94568764
40,656531,ESR,Sulfurcompounds,39.101,2080,2103,1391,185.3,185,,,,,,,,,1.469903812
41,539888,QESRT,Esters,28.979,1620,1600,1038,,144,,,,,,0.35,,1,1.844006618
42,105533,QESROT,Esters,28.049,1582,1573,1072,199.3,160,apple,,,,,,1470,,3.381721167
43,13532188,QESROT,Sulfurcompounds,26.871,1536,1519,1023,184.38,134,cabbage_garlic_radish_sweet_tropicalfruit,,0.18,,,,0.15,,1.710101286
44,13327565,QESROT,Sulfurcompounds,27.953,1579,1566,1102,200.5,148,cabbage_caramel_grass_medicine_menthol,0.015,0.00845,0.007,0.00845,,0.3,0.3,1.601840275
45,140885,QESROT,Esters,10.775,999,997,678,99.4,100,earth_hotplastic,0.0011,0.00015,0.0001,0.0067,0.01,,,3.384563792
46,2705875,ERO,Esters,33.476,1817,1800,1425,265.27,196,pineapple,,,,,,,,0.931016444
47,540421,QESRT,Esters,13.672,1086,1071,865,137,130,,0.11,,,,3.9,,,2.897915294
48,105680,QEROT,Esters,17.219,1194,1180,971,156,144,apple_apricot_pineapple,0.17,0.0258,0.0086,0.043,,,0.7,2.488246381
49,2445763,QESRT,Esters,21.741,1345,1334,1106,189.87,158,,,0.008,,,,,,2.008828007
50,33467742,QER,Esters,23.039,1391,1382,1098,83,156,,,,,,,,,1.758675087
51,59020858,ES,Sulfurcompounds,34.123,1850,,,234.63,170,,,,,,,,,1.579621365
52,868575,QESROT,Esters,11.302,1015,1008,774,115.5,116,apple_fruit_greenapple_strawberry_sweet,0.00015,0.00012,0.0001,0.0004,0.0014,0.00025,0.0014,1.990719159
53,105908,QESRT,Esters,33.718,1829,1812,1474,252,210,,,0.01,,,,,,1.295299946
54,103480,QESR,Esters,35.077,1899,1963,1403,,192,,,,,,,,,0.763314866
55,103526,QESROT,Esters,36.494,1984,1961,1443,,192,fruit,,,,,0.961,,,0.764311962
56,2432511,QESROT,Sulfurcompounds,17.5,1203,1209,842,141.38,118,cabbage_cheese_garlic_pine_sulfur,0.06,,,,0.2,,,3.255969878
57,103606,ES,Esters,38.906,2081,2100,1493,126,208,,,,,,,,,1.254560676
58,623427,QESROT,Esters,10.554,991,980,724,102.5,102,apple_banana_cheese_ester_floral,0.03,0.065,0.001,0.076,1,0.005,0.5,3.312066314
59,105544,QESROT,Esters,12.187,1041,1035,801,122.4,116,anise_apple_banana_butter_fruit_greenfruit_pineapple_strawberry,0.00019,0.00076,0.00013,0.001,0.02,0.001,0.02,2.457206866
60,105668,QESROT,Esters,15.059,1128,1134,892,142.5,130,apricot_fruit_pineapple_solvent_sweet,0.058,0.124,0.018,0.16,0.15,,0.3,2.0578046
61,109217,QESROT,Esters,18.124,1223,1219,996,164.5,144,floral,0.028,0.4,0.087,0.55,,,,1.893913405
62,539902,QESRT,Esters,16.25,1164,1161,954,156.32,144,,0.0094,,,,0.1,,,2.152955055
63,109193,QESROT,Esters,19.074,1255,1271,1047,175,158,greenfruit,0.078,,,,,,,1.292508919
64,123251,QESROT,Esters,30.481,1683,1674,1178,217.5,174,cotton_cream_floral_fruit_wine,0.79,,,,100,1.045,,1.173294943
65,623701,QESRO,Esters,16.359,1168,1164,848,142.5,114,ripefruit_sweet,,,,,,,,2.005286427
66,540181,QESROT,Esters,21.096,1322,1320,1090,186,158,banana,6.5,0.21,,,,1.3,0.6,1.671099149
67,2050013,QEROT,Esters,17.365,1199,1184,1007,,158,sweat,,0.2585,0.087,0.43,0.25,,,2.27050518
68,7452791,QESROT,Esters,12.729,1057,1050,847,135.08,130,anise_apple_bubblegum_fruit_kiwi_strawberry,0.00006,0.000013,0.000007,0.0001,0.018,0.00015,0.027,1.80546933
69,10032152,QESROT,Esters,24.221,1434,1429,1236,62,186,strawberry,,0.06,0.022,0.086,,,,1.277826647
70,27625350,QERT,Esters,19.957,1283,1275,1100,185,172,,,0.0258,0.0086,0.14,,,,1.635450211
71,2639636,QESROT,Esters,23.89,1422,1412,1193,206.77,172,applepeel_citrus_fresh_medicine_toothpaste,5,0.203,0.203,0.25,,,,1.456477147
72,141162,QESRO,Esters,33.325,1809,1787,1530,215,226,fruit_rose_sweet,,,,,,,,1.209344541
73,10094414,ES,Esters,25.458,1481,,,105,184,,,,,,,,,1.338690183
74,16491364,QESROT,Esters,25.117,1468,1456,1186,192,170,apple_green_wine,,0.5,0.32,0.5,,,,1.780113018
75,41519237,QER,Esters,23.146,1394,1380,1144,92,170,,,,,,,,,1.744724409
76,78353,QESR,Esters,28.85,1615,1622,1376,,224,,,,,,,,,1.061349261
77,103377,QESROT,Esters,34.848,1887,1839,1347,240,178,melon_peach_plum_sweet,,0.376,,,,,,0.914569235
78,103593,QESR,Esters,39.756,2115,2107,1562,307.08,204,,,,,,,,,1.015813444
79,10094345,PESR,Esters,35.535,1926,1889,1488,,220,,,,,,,,,1.145921352
80,539822,QESROT,Esters,15.458,1140,1133,902,145.9,130,apple_dryfish_herb_nut_yeast,0.00058,0.0058,0.0015,0.0087,0.011,0.094,0.3,1.915523189
81,140261,QESROT,Esters,36.895,2006,1975,1492,,206,floral_mint,,,,,,0.01,,0.698113873
82,53398859,QESRO,Esters,25.846,1495,1463,1230,,184,herb_sweet,,,,,,,,1.451056349
83,109206,QESRO,Esters,35.576,1929,1899,1596,279,238,apple_fruit_rose,,,,,,,,0.963417476
84,2173560,QESRT,Esters,23.847,1420,1401,1187,206.77,172,,,0.043,0.026,0.06,,4.7,,1.422067348
85,659701,QESROT,Esters,20.467,1300,1292,1104,191.5,172,fruit,0.046,0.02,,,1,,,1.67441736
86,31501118,QESRO,Esters,30.047,1665,1640,1380,,198,fruit_prune,,,,,,,,1.147741474
87,106707,QESROT,Esters,17.126,1191,1181,929,151,130,ester_fresh_fruit_pineapple_sweet,,0.07,0.01,0.084,,,0.075,2.07945505
88,2396772,QER,Esters,20.348,1296,1272,,149.3,128,,,,,,,,,1.908737876
89,123682,QESROT,Esters,22.628,1376,1370,1080,186,156,pineapple,0.75,,,,,,,2.251907145
90,27829727,QERT,Esters,21.948,1352,1345,1044,124.5,142,,0.17,,,,,,,1.809112813
91,2305251,QESROT,Esters,30.648,1690,1676,1129,91,160,floral_fresh_fruit_passionfruit_rubber,,,,,0.045,,,1.840172101
92,21188589,QESRO,Esters,29.879,1658,1637,1051,,146,citrus_grape,,,,,,,,1.845415646
93,6378650,QESROT,Esters,28.926,1618,1603,1387,246,200,applepeel_peach_plum,,6.4,,,1.89,,,1.255386372
94,626824,QESROT,Esters,23.872,1419,1412,1192,61.5,172,fruit_grass_green,,0.7,0.7,10,0.678,,,1.404452874
95,142198,PESRO,Esters,25.337,1476,1468,1181,210,170,banana_wine,,,,,,,,1.814656
96,111126,ERT,Esters,29.826,1657,,1202,218.5,154,,0.00048,0.025,,,,,,1.405848891
97,111115,QESROT,Esters,23.168,1395,1390,1127,179,158,fruit_orange_sweet_wax_wine,,0.2,0.2,0.27,,,0.5,1.400102409
98,106321,QESROT,Esters,24.394,1441,1434,1197,207,172,apricot_banana_brandy_fresh_fruit_green_pear_pineapple_sweet_wine,0.04,0.0193,0.005,0.07,0.0129,0.2,1.1,1.140414619
99,111808,ESR,Esters,32.233,1760,,1295,232,168,,,,,,,,,1.24088093
100,111795,ES,Esters,28.834,1614,,,115,170,,,,,,,,,1.250478196
101,3025307,QESROT,Esters,34.221,1855,1834,1473,71,196,metal_pear,,0.1,,,1,,,0.936169862
102,106332,QESROT,Esters,34.183,1853,1842,1592,163,228,cream_floral_fruit_greenapple_leaf_nut_sweet,0.002,0.4,0.4,5.9,0.75,0.33,3.5,0.850558881
103,124061,QEROT,Esters,37.574,2031,2041,1795,295,256,cream_ether_nut_oil_pleasant_soap_wax,,4,,,5.7,,,0.842174486
104,628977,QEROT,Esters,40.126,2132,2250,1993,342,284,fat_fruit_rancid_sweet_wax,,2,,,1,,1.5,0.782919953
105,103366,QESROT,Esters,38.888,2080,2141,1466,271,176,balsamic_cherry_cinnamon_floral_fruit_honey_plum_sweet,,0.0285,0.017,0.04,0.048,0.016,0.0024,0.754586088
106,103264,QESROT,Esters,38.193,2054,2046,1379,263,162,balsamic_strawberry,,,,,0.12,0.011,,0.670556523
107,1211296,QESRT,Esters,41.307,2184,2303,1648,over300,224,,,0.07,,,,,,1.198932776
108,24851987,PESR,Esters,40.675,2156,2241,1650,over300,226,,,,,,,,,0.803610578
109,97643,QESROT,Esters,21.827,1348,1343,821,151,118,butter_cream_floral_fruit_sweet,8,,,,100,150,250,7.7879684
110,61931815,PER,Esters,32.821,1786,1727,1198,71,172,,,,,,,,,3.493525709
111,17162297,,Esters,37.017,2010,,,,,,,,,,,,,1.680542601
112,138227,QERT,Esters,26.717,1529,1520,997,185,146,,0.000029,,,,10,,,8.907757469
113,7492708,ESR,Esters,31.999,1750,1733,1356,90,216,,,,,,,,,2.178544804
114,119368,QESROT,Esters,33.064,1797,1748,1194,222,152,almond_caramel_fresh_medicine_mint_peppermint_sharp_sweet,0.016,0.04,,,0.07,0.06,,1.530079189
115,118616,QESROT,Esters,33.8,1833,1792,1268,234,166,flower_fruit_mint_sweet_wintergreen,0.0035,0.084,,,0.115,,,1.205993846
116,3549233,ESR,Esters,37.883,2043,,1497,268,206,,,,,,,,,0.521975368
117,111626,QESRT,Esters,42.854,2245,2457,2179,207,310,,,,,,0.87,,3.5,1.080189036
118,695067,QESROT,Lactones,31.39,1723,1691,1055,220,114,coconut_coumarin_onion_sweet_warm,,0.26,0.05,1.6,16,13,8,2.79303879
119,108292,QESROT,Lactones,29.156,1628,1612,947,205,100,herb_sweet,,,,,,550,10,6.849814547
120,105215,QESROT,Lactones,33.667,1827,1810,1166,61.5,128,caramel_fat_nut_peach_sweet,,0.4,,,,5.5,3.4,2.106744034
121,104507,QESROT,Lactones,35.799,1942,1916,1262,239.1,142,coconut_fruit,,0.0065,0.0065,0.014,0.282,0.4,0.2,1.444888115
122,104610,QESROT,Lactones,37.564,2031,2027,1364,121.5,156,apricot_cocoa_coconut_peach_sweet,0.0000008,0.0097,0.0097,0.025,0.09,0.065,0.07,1.311467428
123,706149,QESROT,Lactones,39.109,2089,2138,1471,281,170,apricot_fat_fruit_peach_pleasant_sweet,,0.0011,0.0007,0.011,0.02,0.064,0.051,1.162677387
124,2305057,QESROT,Lactones,41.85,,2373,1681,131,198,apricot_flower_fruit_peach_sweet,,0.002,0.00043,0.007,0.063,,0.063,0.918404516
125,104676,QESROT,Lactones,40.478,2147,2265,1571,286,184,apricot_fruit,0.000044,0.0021,0.0021,0.0042,10,0.025,0.93,1.023387654
126,698760,QESROT,Lactones,36.714,1998,1970,1281,238,142,butter_coconut_peach,,0.2,0.2,0.42,0.71,0.57,3,0.310770248
127,710043,QESROT,Lactones,41.145,2177,2327,1602,153.5,184,butter_coconut_peach,,,,,19,,,1.716283878
128,3301948,QESROT,Lactones,38.367,2061,2070,1378,140.5,156,coconut_nut_peach,,,,,2.6,,,2.666404686
129,705862,QESROT,Lactones,39.782,2117,2193,1499,118.5,170,apricot_butter_coconut_peach_soap_sweet,,0.031,0.03,0.066,0.077,0.15,0.077,2.129778119
130,713951,QESROT,Lactones,42.569,2234,2438,1713,140.5,198,fruit_nut_oil_peach_sweet,,0.053,0.005,0.098,0.15,0.06,0.15,1.257321915
131,2721224,QESROT,Lactones,46.008,2349,2678,1938,290,226,coconut_oil,,,,,29,9.8,15,1.236151653
132,54814641,QESROT,Lactones,40.25,1700,2245,1493,287,168,coconut_cream_fat_peach_sweet,,,,,0.59,0.25,,1.807963534
133,591128,QESR,Furans,30.745,1694,1423,865,55.5,98,,,,,,,,,7.302827821
134,17092921,SROT,Lactones,41.872,2208,2291,1548,90,180,musk_honey,,0.0038,,,,,,1.027334247
135,28645514,E,Lactones,42.706,2239,,,155,252,,,,,,,,,0.933615444
136,79094,QESROT,Acids,26.99,1540,1530,702,141,74,fat_pungent_rancid_raspberry_silage_soy,1,2.19,1,5,18,11.2,20,19.84856214
137,64197,QESROT,Acids,24.7,1700,1447,611,117.9,60,acid_fruit_pungent_sour_vinegar,0.015,22,10,50,75,120,200,30.79847498
138,107926,QESROT,Acids,29.231,1631,1624,811,164.3,88,butter_cheese_must_rancid_sour_sweat,0.00061,2.4,1,3,10,3,10,9.30986653
139,79312,QESROT,Acids,27.75,1571,1560,791,153.5,88,burnt_butter_cheese_cooked_fat_rancid_sweat,0.013,8.1,0.3,16,1.58,1,2.3,10.69264705
140,503742,QESROT,Acids,30.245,1673,1665,870,176.5,102,acid_cheese_fat_fecal_fermented_putridfruit_rancid_sweat,0.0018,0.49,0.07,0.74,1.05,0.54,1,21.04749444
141,97610,QESRT,Acids,32.498,1771,1715,957,195.5,116,,,10,9.3,46,11.8,,,6.278496907
142,105431,QESROT,Acids,33.078,1797,1787,954,63,116,cheese_sweat,,0.163,0.046,0.28,0.15,0.01,,8.879946808
143,142621,QESROT,Acids,34.15,1851,1840,1011,202.5,116,acid_cheese_fermented_goat_pungent_rancid_sweat,0.0048,1.5,0.0356,4.8,3,1.5,3,10.16358843
144,1775435,QERO,Acids,35.898,1948,1945,1101,208,114,rancid_sweat,,,,,,,,18.50426106
145,111148,QESROT,Acids,36.064,1958,1939,1075,223,130,apricot_floral_rancid_sour_sweat,0.022,0.775,0.64,3,13.3,,2.3,9.494158852
146,124072,QESROT,Acids,37.68,2035,2054,1174,237,144,acid_cheese_fat_fermented_rancid_sweat,0.0051,1.405,0.91,3,2.7,5,9,9.250636724
147,3142721,PESR,Acids,33.904,1839,1909,974,124,144,,,,,,,,,8.152061807
148,1575742,ESR,Acids,33.779,1834,,929,195,114,,,,,,,,,2.261268391
149,22500921,,Acids,38.86,2080,,,228,112,,,,,,,,,6.7922252
150,4312996,QESROT,ketones,20.634,1306,1296,979,178,126,boiledmushroom_earth_green_metal_mushroom_sharp,0.00007,0.000016,0.000005,0.00005,0.0025,0.000007,0.00003,3.146647815
151,6290171,ES,Esters,,,,,221,188,,,,,,,,,2.047447046
152,1003049,QESR,Sulfurcompounds,27.928,1577,1565,976,175.21,102,,,,,,,,,3.06192863
153,689678,QESR,ketones,,,1885,1460,250,194,,,,,,,,,1.475883576
154,582241,ESR,ketones,39.098,2088,1771,,213,136,,,,,,,,,1.899491809
155,100061,QESRO,ketones,39.038,2086,2144,1348,153,150,bitter_unpleasant,,,,,,,,0.733339262
156,431038,QESROT,ketones,10.217,980,978,592,88,86,butter_caramel_cheese_cream_fruit_strawberry_sweet_yogurt,0.00018,0.001,0.000059,0.015,0.0028,0.005,0.08,9.081660228
157,40789988,ESROT,Sulfurcompounds,20.538,1303,1286,820,148,104,onion,0.0005,0.003,,,,0.00125,,15.40700112
158,107879,QESROT,ketones,10.26,982,968,677,103,86,burntplastic_ether_fruit_kerosine_orangepeel_pungent,0.35,1.38,0.1,4,288,0.4,5.5,4.343413472
159,21835018,QESRT,ketones,35.269,1910,1916,1100,79,126,,,,,,,0.052,,5.843496544
160,110430,QESROT,ketones,16.952,1186,1179,890,149,114,bellpepper_bluecheese_cinnamon_fruit_green_nut_sweet,0.032,0.14,0.021,0.37,0.3,0.68,1.55,2.994873232
161,1195795,QESROT,ketones,23.618,1412,1397,1086,193,152,eucalyptol_mold,2.3,0.44,0.44,1.2,,0.5,,1.095109466
162,111137,QESROT,ketones,20.152,1290,1287,993,173,128,fat_fragant_green_mold_mushroom_overripefruit_pungent_soap,0.23,0.05,0.0145,0.062,0.5,0.05,0.51,2.496187571
163,106683,QESROT,ketones,19.235,1260,1254,987,167.5,128,butter_herb_mold_resin_sweet,0.0013,0.0214,0.021,0.07,0.057,1,0.5,2.799972446
164,821556,QESROT,ketones,23.175,1395,1376,1091,192,142,fragant_fruit_green_hotmilk_oil_pleasant,0.032,0.06,0.01,0.082,0.483,0.08,3.3,2.096000833
165,110930,QESROT,ketones,21.683,1343,1339,985,173.5,126,citrus_mushroom_pepper_rubber_strawberry,0.0189,0.068,0.05,0.525,1,0.55,,1.800338514
166,127515,ESRT,ketones,34.565,1873,1872,1473,121.5,206,,,,,,0.01,,,1.002566136
167,127424,ES,ketones,35.72,1937,,,,206,,,,,,,,,1.06801123
168,14901076,ESROT,ketones,36.146,1963,1929,1492,127,192,floral_sweet_violet,0.00012,0.0002,0.00001,0.0059,0.005,0.000081,0.00098,0.883563941
169,24720090,ESR,ketones,33.359,1811,,1393,267,192,,,,,,,,,1.233154575
170,23726912,QESROT,ketones,33.915,1839,1803,1412,276,192,boiledapple_sweet,,0.000002,0.000002,0.00009,,,,0.987754312
171,1125219,QESROT,ketones,31.087,1709,1664,1152,93,152,citrus_honey_must,,,,,0.025,,,1.656583694
172,6485401,QESROT,ketones,32.14,1756,1728,1254,228.5,150,mint,0.0166,0.007,0.002,0.058,0.32,,,1.145049143
173,1128081,PESR,ketones,34.68,1878,1915,1380,256,166,,,,,,,,,0.873029151
174,3188009,QER,Furans,19.512,1269,1251,804,139,100,,,,,,,,,7.615121655
175,38462225,PES,Sulfurcompounds,,,,,74,186,,,,,,,,,1.603155829
176,14073973,PERT,ketones,25.43,1480,,1150,208.5,154,,,0.35,0.17,0.35,,,0.15,1.26875048
177,79696,ESRT,ketones,36.313,1973,2068,1521,278.7,206,,0.002,,,,,,,1.602907789
178,112129,QESROT,ketones,28.657,1607,1595,1295,231.5,170,fresh_green_orange_pineapple_rose,0.182,0.0055,0.0055,0.007,3.4,0.03,0.4,1.609247856
179,4674504,QESROT,ketones,44.134,2294,2513,1812,125,218,grapefruit,,0.28,0.17,0.8,10,1,30,0.957150694
180,488108,QESRT,ketones,36.254,1970,1923,1396,257.5,164,,,0.0019,,,,,,1.086761111
181,491076,QESR,ketones,,,1488,1163,210,154,,,,,,,,,1.609380653
182,17283817,QESRT,ketones,34.191,1853,2653,1438,,194,,0.0017,0.001,,,,,,1.045105258
183,290379,QESROT,Bases,17.887,1216,1210,734,115.5,80,green_pungent_roast_sweet,,125,75,180,,800,100,2.62340802
184,108509,QESROT,Bases,21.538,1338,1320,911,155.6,108,burnt_cocoa_coffee_green_pyrazine_roastbeef_roastednut,1.72,1.5,0.72,1.5,0.8,10,3,2.231642459
185,109080,QESROT,Bases,19.632,1273,1265,819,135,94,burnt_cocoa_green_hazelnut_nut_popcorn_roasted,1.9,10,0.06,60,27,1,1,2.510480577
186,2847305,PESROT,Bases,22.786,1382,1348,973,159,124,nut_roast_sweet,,0.007,0.003,0.007,,0.1,0.1,1.590311168
187,24683009,QESROT,Bases,26.887,1536,1517,1184,211,166,bellpepper_earth_floral_greenpepper_peasy,0.000003,0.0000062,0.000002,0.0000062,0.00004,0.000002,0.000015,1.086374434
188,67685,QESRO,Sulfurcompounds,28.351,1594,1579,820,189,78,garlic,,,,,,,,3.263896697
189,15707241,QESROT,Bases,25.065,1466,1436,1085,181,136,cereal_earth_hazelnut_meat,0.05,,,,0.172,,,1.09692765
190,1124114,QESROT,Bases,25.645,1488,1465,1085,193,136,baked_cocoa_coffee_green_mocha_roast,2,2.52,1,2.52,80,100,100,1.784249041
191,110861,QESROT,Bases,17.025,1188,1185,746,115,79,burnt_pungent_rancid,0.2,2,0.82,4,2.85,2,,2.011151013
192,4861589,QESRO,Sulfurcompounds,25.115,1468,1457,1090,202,154,fruit_sweet,,,,,,,,0.826274794
193,15679137,PESRO,Sulfurcompounds,22.192,1361,1349,1018,75,141,meat_roast_sulfur,,,,,,,,1.259897012
194,34413359,PESRO,Bases,32.41,1768,1755,1223,242,134,earth_potato_strong,,,,,,,,0.852780773
195,3777693,QESROT,Furans,18.457,1234,1235,993,58,138,butter_floral_fruit_green_greenbean_metal_rubber_sweet,0.019,0.0058,0.0058,0.015,0.1,0.0048,1,1.131174415
196,1192627,QESROT,Furans,26.287,1512,1498,913,67,110,balsamic_cocoa_coffee_fermented_smoke_sweet_tobacco_yeast,,15,10,15,,1,0.51,1.467970213
197,1646260,S,Furans,39.634,2110,,,111.5,160,,,,,,,,,0.943174149
198,90051,QESROT,Phenols,34.555,1872,1862,1090,205,124,bacon_cream_medicine_phenol_smoke_spice_sweet_wood,0.0004,0.00084,0.00048,0.011,0.0092,0.00017,0.004,1.295851041
199,97530,QESROT,Phenols,39.219,2093,2163,1360,254,164,burnt_clove_smoke_spice,0.00061,0.0018,0.00071,0.006,0.005,0.007,0.044,0.896939816
200,93152,QESROT,Phenols,37.054,2011,2014,1403,254.5,178,clove_floral_spice_warm,,0.068,0.068,0.82,10,,1.25,0.902111844
201,97541,QESROT,Phenols,41.333,2185,2277,1438,266.6,164,clove_flower_fragant_spice_sweet,,0.1,,,0.01,,0.01,1.248061637
202,2785899,QESROT,Phenols,37.393,2024,2030,1282,235,152,clove_horse_medicine_phenol_smoke_spice,0.00002,0.0044,0.0044,0.089,0.05,0.025,0.033,1.659132312
203,95658,QESROT,Phenols,39.784,2117,2208,1182,227,122,phenol_smoke,0.003,1.2,,,,0.05,,0.775698073
204,7217596,ER,ImportedFEMAGRASlist,34.848,1887,,1211,235,140,,,,,,,,,1.986739435
205,15707230,QESROT,Bases,23.709,1415,1391,1000,57,122,green_must_nut_potato_roasted_smoke,0.15,0.13,0.13,0.5,,200,2,1.310143686
206,5910894,QESROT,Bases,22.054,1356,1339,908,156,108,caramel_cocoa_dry_hazelnut_nut_peanutbutter_popcorn_pyrazine_roasted_strong,0.88,0.8,0.4,2.5,0.123,0.1,0.5,1.503586181
207,123320,QESROT,Bases,21.345,1331,1315,908,155,108,burnt_burntplastic_cocoa_coffee_medicine_must_pyrazine_roast_roastbeef_roastednut,0.17,0.8,0.8,1.8,2.6,1,2,2.32270322
208,22047252,QESROT,Bases,29.442,1640,1617,1022,78.5,122,baked_bread_roast_roastedsweetcorn_toastedcereal,0.0004,0.061,0.06,0.062,0.016,0.1,,2.145301383
209,1122629,QESROT,Bases,28.891,1617,1597,1030,188.5,121,amine_popcorn_roastednut_smoke_strong,,0.019,,,,,0.1,1.594042536
210,137008,QESROT,Sulfurcompounds,40.92,2167,2233,1283,,143,nut_sulfur,,,,,0.55,,10.8,1.10532135
211,1193119,QES,Epoxidespyranscoumarins,9.255,948,,,98,116,,,,,,,,,2.639353971
212,123079,QESROT,Phenols,39.211,2093,2178,1167,219,122,horsemanure_leather_medicine_phenol_stable,,0.013,0.013,0.042,0.173,0.13,0.44,0.752529863
213,95169,QESROT,Sulfurcompounds,36.497,1985,1953,1230,231,135,gasoline_leather_medicine_nut_rubber,,0.025,0.025,0.08,,,0.05,0.841058372
214,121006,PESRT,Phenols,43.248,2260,,1458,269,180,,,3,,,,,,0.769985722
215,91167,QESRO,Phenols,31.532,1729,1711,1147,206.5,138,earth_moss_plastic_wood,,,,,,,,1.124078225
216,101848,QESRT,Ethers,37.282,2020,2017,1396,258,170,,0.00017,0.015,0.015,0.5,200,,,0.984061193
217,624920,QESROT,Sulfurcompounds,13.281,1074,1073,739,109,94,cabbage_garlic_meat_onion_putrid_sour_sulfur,0.0084,0.0011,0.0003,0.0012,0.044,0.007,0.007,1.401741065
218,3658808,QESROT,Sulfurcompounds,23.066,1392,1363,968,41,126,cabbage_fish_garlic_metal_onion_sour_sulfur_sweat,0.0073,0.00001,0.000001,0.0001,0.00003,0.000008,0.000027,1.143091925
219,629196,QESROT,Sulfurcompounds,22.948,1387,1379,1098,195.5,150,cookedmeat_garlic_onion_pungent_sulfur,0.13,,,,,0.0032,0.1,1.975218919
220,544401,QESRT,Sulfurcompounds,19.527,1269,1262,1078,188.7,146,,0.00088,,,,,,0.000002,1.48013172
221,93185,ESRT,ImportedFEMAGRASlist,39.995,2126,,1520,282,172,,0.012,,,,446,,,0.061763378
222,151100,QESROT,Phenols,32.216,1759,1719,1167,86,138,hazelnut_medicine_resinous_wood,,,,,0.0214,,,0.961648879
223,3558609,PESR,Ethers,25.931,1498,,1083,190,136,,,,,,,,,1.402466842
224,57500002,QESROT,Sulfurcompounds,33.644,1826,1820,1229,238,160,smoke,0.0001,0.00004,,,,,,1.315298021
225,16409431,QESR,Epoxidespyranscoumarins,,,1338,1127,196.7,154,,,,,,,,,1.027679061
226,59323761,PSRO,Sulfurcompounds,22.982,1699,1514,,226.5,160,fruit_green_tropicalfruit,,,,,,,,2.918887947
227,93163,QESROT,Phenols,39.319,2097,2189,1495,263,178,smoke,,1.6,,,,,35,0.852504863
228,140670,QESROT,Phenols,30.422,1681,1672,1198,216,148,anise_herb_licorice,0.00013,0.006,0.006,0.035,6.3,0.0075,,0.871783165
229,464493,QESROT,ketones,26.896,1537,1518,1144,204,152,camphor_earth_pine_spice,,1.29,1,1.36,,380,,1.188365069
230,120729,QESROT,Bases,42.644,2237,2445,1295,253,117,animal_burnt_fecal_floral_unpleasant,0.0014,0.011,0.011,0.14,0.33,0.5,0.1,0.627490034
231,15356602,EST,Alcohols,29.697,1650,,,216,156,,0.9,0.92,,,,,3,1.182794394
232,104461,QESROT,Phenols,33.947,1841,1830,1285,235.5,148,anise_licorice_metal_sweet,0.057,,,,0.05,0.55,0.1,0.818873167
233,119846,PESRO,Epoxidespyranscoumarins,,,2269,1380,272,148,herb,,,,,,,,2.148892887
234,121335,QESROT,Aldehydes,44.285,2300,2577,1405,285,152,candy_chocolate_spice_sweet_vanilla,0.1,0.053,0.025,0.064,0.14,0.11,0.054,1.937858537
235,92488,PESR,Epoxidespyranscoumarins,44.9,2317,2518,1554,303,160,,,,,,,,,0.946983333
236,505102,QESROT,Sulfurcompounds,31.459,1726,1722,979,93,106,burntmilk_cookedpotato_earth_soy,1.71,0.25,0.036,0.25,1.5,0.005,1.2,2.418231497
237,513860,QESROT,ketones,20.141,1289,1285,713,148,88,butter_cream_greenpepper_rancid_sour_sweat,0.259,0.59,0.59,0.8,30,8,50,9.035554612
238,100867,PESR,Alcohols,32.391,1767,1781,1158,215,150,,,,,,,,,1.125688702
239,100516,QESROT,Alcohols,34.845,1887,1866,1038,206,108,almond_boiledcherries_chemical_floral_fruit_moss_roastedbread,,2.55,0.62,10,200,5.5,900,0.980195907
240,67630,QESROT,Alcohols,9.054,942,928,516,83,60,fruit_must_solvent,65,9.79,0.25,78,270,200,200,7.196718725
241,71363,QESROT,Alcohols,15.7,1147,1147,660,118,74,alcohol_fermented_fruit_medicine_phenol_putrid_solvent_sweat,0.15,0.59,0.2,200,3,4,50,7.928478585
242,78831,QESROT,Alcohols,13.948,1094,1098,633,105,74,alcohol_apple_cocoa_fusel_malt_nailpolish_plastic_solvent_sour_wine_yeast,0.64,1,0.565,22.5,40,8,150,10.92085461
243,123513,QESROT,Alcohols,17.713,1210,1211,737,131.5,88,alcohol_banana_cheese_cocoa_floral_fruit_fusel_malt_must_nailpolish_roastedbread_yeast,0.125,0.22,0.004,4.1,2.75,0.7,50,5.188850894
244,616251,QESROT,Alcohols,16.162,1162,1159,682,114.5,86,burnt_fish_grass_green_meat_wetearth,0.66,0.358,0.358,0.4,0.4,3,3,6.384232521
245,104767,QESROT,Alcohols,25.758,1492,1490,1032,184.5,130,citrus_green_oil_rose,0.4,1.2,0.2,25.5,,,,2.171883602
246,111273,QESROT,Alcohols,22.053,1356,1351,869,158,102,bread_flower_fruit_grass_green_herb_wood,0.034,0.5,0.0056,4.8,5,2.5,4,3.536452556
247,51755830,QESROT,Sulfurcompounds,35.125,1901,1848,1126,61.5,134,blackcurrant_grapefruit_mango_rhubarb_sulfur,0.00004,0.00006,,,,0.00002,0.00015,1.579614934
248,928950,QESROT,Alcohols,23.524,1408,1400,860,159,100,bellpepper_fat_geranium_green_spice,,0.232,2.1,10,5,,8,3.815539009
249,543497,QESROT,Alcohols,21.086,1323,1312,899,161,116,citrus_coconut_fried_mushroom_oil,0.1,0.065,0.041,0.081,1.43,0.1,0.25,3.240561057
250,111875,QESROT,Alcohols,27.511,1562,1556,1071,196,130,citrus_detergent_fat_fruit_green_jasmine_lemon_metal_musty_rose_soap_sweet_urine_walnut_wax,0.022,0.126,0.042,1,1.1,0.1,0.9,2.406596007
251,589980,QESROT,Alcohols,24.678,1453,1388,987,169,130,citrus_codliveroil_moss_mushroom_nut_oil,,0.146,,,0.39,0.1,,1.663176717
252,18409171,QESROT,Alcohols,28.873,1617,1616,1067,92,128,medicine_oil_plastic_soap,,0.04,0.02,0.84,,,,2.494309489
253,31502144,QESRT,Alcohols,31.277,1719,1714,1167,92,142,,,0.21,0.13,0.21,,,,1.960462838
254,112538,QESROT,Alcohols,36.288,1973,1968,1473,258,186,fat_wax,1.2,0.073,0.016,0.82,1,0.066,0.4,1.290368503
255,35854865,QESRT,Alcohols,31.339,1722,1714,1170,115,142,,,0.001,,,,,,1.848741556
256,28069729,QESROT,Alcohols,32.514,1773,1766,1168,98,140,cucumber_metal,0.00007,0.001,2.00E-04,0.001,0.0013,,5.00E-04,2.286367272
257,105135,QESROT,Alcohols,40.504,2149,2289,1281,259,138,anise_flower_herb_sweet,,38,,,,,,0.980148453
258,104541,QESROT,Alcohols,40.563,2151,2262,1338,249.5,134,floral_honey_oil,0.00003,0.077,,,295,,,0.870726102
259,5989333,QESROT,Furans,24.709,1454,1444,1071,95,170,earth_flower_leaf_nut_root_vegetable,,0.1,0.1,0.32,35,,,1.42662583
260,34995772,QEROT,Furans,25.465,1482,1449,1086,,170,citrus_earth_flower_fresh_leaf_lemon,,0.19,0.19,0.32,6.5,,,1.42662583
261,78693,QESR,Alcohols,24.22,1436,1414,1097,197.5,158,,,,,,,,,1.663612376
262,562743,QESROT,Alcohols,28.816,1615,1599,1178,212,154,earth_floral_herb_must_nutmeg_pine_sweet_turpentine_wood,0.59,0.34,0.34,6.4,5,,,1.182557604
263,98022,QESROT,Sulfurcompounds,24.311,1439,1430,912,155,114,burnt_coffee_green_metal_roast_roasted_roastedmeat_sulfur,0.0000084,0.000036,0.000001,0.000036,0.0001,0.000005,0.000002,2.36865851
264,2563077,,,35.966,1953,,,313,,,,,,,,,,2.436201604
265,98851,QESROT,Alcohols,33.558,1822,1760,1068,204,,floral_honey_rose,0.3,0.48,0.48,1.45,1.4,,,1.161527422
266,106229,QESROT,Alcohols,32.431,1770,1764,1228,222,,citrus_floral_green_rose,0.047,0.062,0.011,1,0.7,0.01,0.008,1.826059237
267,106252,QESROT,Alcohols,33.257,1807,1795,1228,226,,floral_fruit_rose_sweet,0.049,0.68,0.29,2.2,0.5,,0.5,1.750022555
268,7212444,QESROT,Alcohols,,,2022,1567,,,fir_linoleum_pine,,2.25,0.01,2.25,,10,,0.991034385
269,4602840,QESROT,Alcohols,,,2341,1742,263,,floral_oil_phenol_sweet,,0.11,0.02,1,5,,,1.002294521
270,106241,QESROT,Alcohols,34.168,1853,1837,1256,,,floral_geranium_lemonpeel_metal_passionfruit_peach_rose,0.0007,0.0011,0.0011,0.075,0.02,0.0075,0.03,1.799578974
271,18479588,QESRO,Alcohols,25.174,1471,,,69,,,,,,,,,,1.655255478
272,470826,QESROT,Ethers,17.78,1213,,,,,,,,,,,,,1.010277449
273,75332,QEST,Sulfurcompounds,5.129,,,,55.8,,,,,,,,,,4.22430142
274,100527,QESROT,Aldehydes,26.793,1534,,,179,,,,,,,,,,1.291042923
275,2568254,QES,Epoxidespyranscoumarins,34.327,1861,,,242,,,,,,,,,,1.170843353
276,122781,QESROT,Aldehydes,29.7,1652,,,194,,,,,,,,,,1.66678949
277,104870,QERT,Aldehydes,29.957,1663,,,204.5,,,,,,,,,,0.927833707
278,123637,QEST,Epoxidespyranscoumarins,13.899,1092,,,73.5,,,,,,,,,,4.163253847
279,1599491,E,Epoxidespyranscoumarins,,,,,179,,,,,,,,,,1.437541208
280,101484,PEST,Acetals,30.766,1696,,,200,,,,,,,,,,1.159766919
281,3268493,QESROT,Sulfurcompounds,24.882,1460,,,165.5,,,,,,,,,,4.30405849
282,78842,QESROT,Aldehydes,5.901,811,820,556,67,,caramel_cocoa_floral_fresh_green_malt_nut,0.001,5.00E-04,4.00E-04,0.01,0.015,7.00E-04,0.065,8.804174822
283,94089211,E,ImportedFEMAGRASlist,,,,,,,,,,,,,,,2.586742187
284,2363895,QESROT,Aldehydes,24.269,1437,1419,1060,190,,dandelion_fat_fruit_grass_spice,,2.00E-04,,,0.5,,0.083,1.230697115
285,111717,QESROT,Aldehydes,16.962,1186,1186,903,150,,citrus_dryfish_fat_green_nut_soap_sour_sweet,0.0009,0.0028,0.00025,0.06,0.5,0.03,0.05,3.257855756
286,124130,QESROT,Aldehydes,20.199,1292,1287,1003,163,,citrus_fat_fruit_green_nut_pungent,0.00088,8.00E-04,0.00032,0.0034,0.05,0.00052,0.1,2.670972554
287,77838,ET,ImportedFEMAGRASlist,38.182,2054,,,,,,0.00001,0.025,0.025,2,0.1,,,1.076921523
288,19464950,,,39.907,2122,,,,,,,,,,,,,1.076921523
289,106230,QESROT,Aldehydes,25.535,1484,,,285,,,,,,,,,,1.67279449
290,120570,QESROT,Aldehydes,40.092,2131,,,263,,,,,,,,,,1.152101665
291,5435643,ES,ImportedFEMAGRASlist,17.833,1215,,,216,,,,,,,,,,1.893800767
292,80568,QESROT,Hydrocarbons,11.546,1021,1023,934,155.5,,cedarwood_pine_resin_sharp_turpentine,0.016,0.014,0.003,2.08,0.274,0.12,2.06,1.041126365
293,127913,QESROT,Hydrocarbons,14.405,1108,1109,978,166,,pine_polish_resin_turpentine_wood,0.18,0.14,0.6,1.5,37.95,,37.4,1.333167162
294,586629,QESROT,Hydrocarbons,20.04,1287,1284,1087,184.5,,pine_plastic_sweet,,0.2,0.041,0.2,,,,4.070624096
295,19872527,QESROT,Sulfurcompounds,22.899,1387,,,174,,,,,,,,,,2.597918632
296,87445,QESROT,Hydrocarbons,28.842,1616,1596,1420,129.5,,fried_spice_wood,1.5,0.064,0.064,1.54,,,0.16,0.780796395
297,5989275,QESROT,Hydrocarbons,17.401,1201,1205,1030,,,citrus_mint,0.424,0.2,0.034,1.2,1.8,0.21,0.31,1.036965047
298,4630073,QESRO,Hydrocarbons,31.717,1738,,,274,,,,,,,,,,1.527236674
299,79925,QESROT,Hydrocarbons,12.987,1065,1068,950,159.5,,camphor_mothball_oil_warm,28,,,,,,,1.114714849
300,13466789,QESROT,Hydrocarbons,15.768,1150,1144,1011,170,,bellpepper_lemon_pungent_resin_rubber,9.3,0.77,,,,,,
301,123353,QESROT,Hydrocarbons,16.217,1164,1161,990,165,,balsamic_fruit_geranium_herb_must,0.0445,0.0012,0.0012,0.1,0.6525,0.0166,0.45,3.055430723
302,3658773,QESROT,Furans,37.314,2022,,,215.5,,,,,,,,,,15.20786893
303,4940118,QESRO,Epoxidespyranscoumarins,37.167,2016,,,,,,,,,,,,,2.18640797
304,141786,QESROT,Esters,7.397,883,,,,,,,,,,,,,4.066397748
305,142927,QESROT,Esters,19.612,1273,,,,,,,,,,,,,2.048911104
306,928961,QESROT,Alcohols,22.834,1385,1383,856,,,bellpepper_grass_green_greenleaf_herb_unripebanana,0.013,0.0039,0.0039,3.6,1.25,0.2,13,2.51762005
307,78706,QESROT,Alcohols,27.093,1546,1542,1100,,,bergamot_coriander_floral_flower_grape_lavender_lemon_rose,0.0024,0.006,0.00022,0.05,0.07,0.0015,0.025,1.185659323
308,89781,ES,Alcohols,29.586,1647,,,,,,,,,,,,,0.945674093
309,118718,QESROT,Epoxidespyranscoumarins,36.358,1977,,,,,,,,,,,,,2.587964333
310,105373,QESROT,Esters,9.588,959,,,,,,,,,,,,,3.942460049
311,39255328,QESROT,Esters,15.399,1139,,,,,,,,,,,,,1.343965961
312,123660,QEROT,Esters,18.446,1235,,,,,,,,,,,,,1.383582766
313,60128,QESROT,Alcohols,35.397,1919,1908,1114,,,cornflakes_floral_fruit_honey_rose_sweet_sweetapple_wine_yeast,0.015,0.14,0.003,1,10,0.24,30,0.786150252
314,112312,QESROT,Aldehydes,25.995,1502,1493,1205,,,fat_floral_fried_orangepeel_penetrating_tallow,0.0026,0.003,8.00E-05,0.07,0.01,0.005,0.07,2.850430626
315,137326,QESROT,Alcohols,17.549,1205,1208,740,,,banana_fuseloil_green_malt_medicine,0.14,1.2,0.0159,4.15,32,6,50,4.134068727
316,98555,QESROT,Alcohols,30.917,1703,1691,1191,,,floral_fresh_lily_mint_oil_pine_pleasant_sweet,0.86,1.2,0.086,5,3,0.3,2,1.131526402
317,80717,QESRO,ketones,33.806,1835,,,,,,,,,,,,,2.476216884
318,79776,QESROT,ketones,36.024,1957,,,,,,,,,,,,,0.946716668
319,23696857,,ketones,33.841,1837,,,,,,,,,,,,,1.119217066
320,93583,QESROT,Esters,29.173,1630,,,,,,,,,,,,,1.373375241
321,102761,PESR,Esters,37.724,2037,,,,,,,,,,,,,2.162753329
322,150845,QESROT,Esters,29.994,1664,,,,,,,,,,,,,1.225192734
323,106274,QEROT,Esters,19.441,1267,,,,,,,,,,,,,2.080905475
324,97621,QESROT,Esters,9.846,967,,,,,,,,,,,,,4.514629822
325,136954251,ER,ImportedFEMAGRASlist,36.791,2002,1947,,,,,,,,,,,,1.650396416
326,106309,QESROT,Esters,21.425,1335,,,,,,,,,,,,,1.7562702
327,121324,ESRT,Aldehydes,43.459,2268,,,,,,,,,,,,,1.249702027
328,71410,QESROT,Alcohols,18.904,1250,1249,765,,,almond_balsamic_fruit_green_medicine_yeast,0.153,4,0.12,4,3,5,50,4.27854888
329,98862,QESROT,ketones,29.87,1659,,,,,,,,,,,,,0.76565566
330,57378684,PESR,ketones,32.647,1779,,,,,,,,,,,,,1.084853292
331,541913,EST,ImportedFEMAGRASlist,40.784,2161,,,,,,0.029,0.103,0.0098,0.103,,,,1.049962742
332,104201,QESR,Phenols,40.643,2155,,,,,,,,,,,,,0.781902402
333,14436329,QESRT,Acids,40.874,2165,,,,,,,,,,,,,3.404317917
334,106296,QESRO,Esters,35.026,1897,,,,,,,,,,,,,1.291168966
335,589593,QESRT,Esters,17.117,1192,,,,,,,,,,,,,1.576873337
336,5405414,QESROT,Esters,26.446,1520,,,,,,,,,,,,,2.56115692
337,141140,QESR,Esters,31.483,1728,,,,,,,,,,,,,1.05786602
338,77930,QESRT,Esters,42.537,2233,,,,,,,,,,,,,2.559435462
339,2050091,QESRT,Esters,22.248,1364,,,,,,,,,,,,,1.692963023
340,24295032,QESROT,Sulfurcompounds,29.726,1653,,,,,,,,,,,,,0.163588601
341,1072839,QESROT,Bases,36.351,1977,,,,,,,,,,,,,1.502015431
342,14667551,QESROT,Bases,23.561,1411,,,,,,,,,,,,,1.704656994
343,51115674,E,ImportedFEMAGRASlist,34.245,1857,,,,,,,,,,,,,1.504854284
344,39711790,E,ImportedFEMAGRASlist,40.322,2141,,,,,,,,,,,,,1.042461927
345,64175,QESROT,Alcohols,9.061,942,933,551,,,alcohol_floral_ripeapple_sweet,0.62,4.5,3.5,3000,30,2900,5000,15.55707838
346,123864,QESROT,Esters,13.217,1072,,,,,,,,,,,,,3.199172063
347,54115,QESRT,Bases,34.917,1891,,,,,,,,,,,,,1.012495323
348,13215888,QES,ketones,,,,,,,,,,,,,,,3.001901413
349,350038,PESRT,Bases,30.791,2114,,,,,,,,,,,,,
350,536787,QESR,Bases,22.949,1389,,,,,,,,,,,,,0.829567665
351,67470,QESROT,Furans,42.967,2249,,,,,,,,,,,,,2.499953623
352,98000,QESROT,Furans,29.772,1655,,,,,,,,,,,,,2.700991623
353,116096,QESROT,ketones,20.345,,,,,,,,,,,,,,10.85432887
354,51115709,E,ImportedFEMAGRASlist,35.201,1923,,,,,,,,,,,,,1.294684882
